employee_id,full_name,email,department,region,employment_type,performance_rating,salary
E1001,Emily Lee,emily.lee001@example.com,Sales,North,Full-time,4,62000
E1002,Joshua Clark,joshua.clark002@example.com,Finance,South,Full-time,4,50000
E1003,Donald Martin,donald.martin003@example.com,Operations,East,Contract,3,68500
E1004,Anthony Garcia,anthony.garcia004@example.com,Sales,East,Full-time,4,64000
E1005,Donna Johnson,donna.johnson005@example.com,Engineering,East,Full-time,3,74000
E1006,Lisa Diaz,lisa.diaz006@example.com,Engineering,South,Part-time,4,72000
E1007,Jessica Moore,jessica.moore007@example.com,Engineering,South,Full-time,5,71500
E1008,Michael Morales,michael.morales008@example.com,HR,East,Part-time,1,71500
E1009,Sandra Jackson,sandra.jackson009@example.com,Operations,North,Full-time,4,68500
E1010,Matthew King,matthew.king010@example.com,Operations,South,Full-time,2,62000
E1011,Joseph Islam,joseph.islam011@example.com,Engineering,North,Full-time,3,64500
E1012,Donald Morales,donald.morales012@example.com,Finance,West,Full-time,3,72000
E1013,Lisa Morales,lisa.morales013@example.com,HR,West,Contract,3,64000
E1014,David Chen,david.chen014@example.com,Engineering,North,Full-time,3,91500
E1015,Christopher Davies,christopher.davies015@example.com,Engineering,East,Full-time,4,88500
E1016,Jennifer Anderson,jennifer.anderson016@example.com,Engineering,West,Full-time,3,67500
E1017,Karen Rodriguez,karen.rodriguez017@example.com,Engineering,North,Full-time,4,46500
E1018,Ashley Brown,ashley.brown018@example.com,Sales,South,Part-time,3,110000
E1019,Sarah Jones,sarah.jones019@example.com,Sales,West,Full-time,2,50500
E1020,Karen Thompson,karen.thompson020@example.com,Engineering,North,Full-time,4,52000
E1021,Richard Gibbons,richard.gibbons021@example.com,Operations,South,Contract,3,67000
E1022,Lisa Brown,lisa.brown022@example.com,Engineering,North,Full-time,3,55500
E1023,Donald King,donald.king023@example.com,Engineering,West,Contract,4,69500
E1024,Joseph Singh,joseph.singh024@example.com,Sales,West,Full-time,3,80500
E1025,David Singh,david.singh025@example.com,Sales,West,Full-time,2,109000
E1026,Steven Miller,steven.miller026@example.com,Operations,South,Full-time,3,71500
E1027,Patricia Jackson,patricia.jackson027@example.com,Engineering,East,Part-time,5,76000
E1028,Emily Robinson,emily.robinson028@example.com,Sales,East,Contract,4,69000
E1029,Steven Wright,steven.wright029@example.com,Sales,North,Full-time,4,44500
E1030,Daniel Young,daniel.young030@example.com,Engineering,East,Full-time,4,76000
E1031,Christopher Young,christopher.young031@example.com,Operations,North,Full-time,2,58000
E1032,Ashley Johnson,ashley.johnson032@example.com,Engineering,South,Full-time,3,88500
E1033,Barbara Johnson,barbara.johnson033@example.com,Engineering,North,Full-time,4,138000
E1034,Mary White,mary.white034@example.com,Finance,North,Contract,2,46000
E1035,Charles Diaz,charles.diaz035@example.com,Finance,North,Full-time,3,67500
E1036,Jessica Thomas,jessica.thomas036@example.com,HR,South,Full-time,3,38000
E1037,Kenneth Young,kenneth.young037@example.com,Engineering,North,Full-time,3,75000
E1038,Brian White,brian.white038@example.com,Engineering,East,Full-time,5,68500
E1039,James Hernandez,james.hernandez039@example.com,Operations,North,Full-time,2,44500
E1040,Daniel Brown,daniel.brown040@example.com,Sales,North,Full-time,3,88000
E1041,William Sanchez,william.sanchez041@example.com,Engineering,South,Part-time,2,90500
E1042,Elizabeth Young,elizabeth.young042@example.com,Sales,East,Full-time,5,85500
E1043,Charles Allen,charles.allen043@example.com,Engineering,North,Full-time,2,74500
E1044,Richard Ramirez,richard.ramirez044@example.com,Finance,South,Full-time,3,73500
E1045,Ashley Smith,ashley.smith045@example.com,Engineering,East,Part-time,4,126500
E1046,Margaret Singh,margaret.singh046@example.com,Operations,South,Part-time,4,65000
E1047,William Johnson,william.johnson047@example.com,Engineering,North,Full-time,3,104000
E1048,Emily White,emily.white048@example.com,Sales,North,Part-time,3,60000
E1049,Patricia Jackson,patricia.jackson049@example.com,Sales,East,Full-time,3,83500
E1050,Betty Hernandez,betty.hernandez050@example.com,Engineering,North,Full-time,3,74000
E1051,Michelle Islam,michelle.islam051@example.com,Finance,East,Full-time,3,46500
E1052,Richard Williams,richard.williams052@example.com,Operations,South,Full-time,3,65000
E1053,Elizabeth Williams,elizabeth.williams053@example.com,Finance,West,Full-time,3,66500
E1054,Emily Clark,emily.clark054@example.com,HR,East,Contract,3,40000
E1055,Mary Thomas,mary.thomas055@example.com,Sales,West,Part-time,4,73500
E1056,Mary Robinson,mary.robinson056@example.com,Finance,North,Full-time,5,60000
E1057,Karen Davies,karen.davies057@example.com,Engineering,East,Full-time,4,184000
E1058,Margaret Harris,margaret.harris058@example.com,Engineering,South,Full-time,2,59000
E1059,Ashley Martinez,ashley.martinez059@example.com,Engineering,South,Full-time,2,63000
E1060,Emily Patel,emily.patel060@example.com,Engineering,South,Full-time,5,105500
E1061,Paul Gonzalez,paul.gonzalez061@example.com,Sales,East,Full-time,3,67500
E1062,Kevin Singh,kevin.singh062@example.com,Engineering,West,Full-time,2,105000
E1063,Joshua Thomas,joshua.thomas063@example.com,HR,East,Part-time,3,66000
E1064,Lisa Martin,lisa.martin064@example.com,Sales,South,Full-time,4,60500
E1065,Brian Clark,brian.clark065@example.com,Engineering,South,Full-time,4,60000
E1066,Kevin Thomas,kevin.thomas066@example.com,Sales,East,Part-time,3,91500
E1067,Kimberly Diaz,kimberly.diaz067@example.com,Engineering,North,Full-time,1,61500
E1068,Betty Harris,betty.harris068@example.com,HR,North,Full-time,5,69000
E1069,Mary Lopez,mary.lopez069@example.com,Engineering,North,Full-time,3,107000
E1070,Michelle Rodriguez,michelle.rodriguez070@example.com,Finance,North,Full-time,4,72500
E1071,Elizabeth Sanchez,elizabeth.sanchez071@example.com,Operations,North,Part-time,4,60000
E1072,David Martinez,david.martinez072@example.com,Engineering,North,Full-time,4,66500
E1073,Ashley King,ashley.king073@example.com,Engineering,North,Full-time,3,95500
E1074,Karen Chen,karen.chen074@example.com,HR,North,Part-time,3,28000
E1075,Mary Smith,mary.smith075@example.com,Operations,West,Part-time,3,77500
E1076,Donna White,donna.white076@example.com,Operations,South,Part-time,4,67000
E1077,Mark Johnson,mark.johnson077@example.com,Operations,North,Full-time,5,61500
E1078,Steven Wilson,steven.wilson078@example.com,Engineering,South,Full-time,2,90500
E1079,Mary Lewis,mary.lewis079@example.com,Sales,North,Contract,2,49500
E1080,Thomas Lopez,thomas.lopez080@example.com,Engineering,West,Part-time,5,46500
E1081,Joshua Ramirez,joshua.ramirez081@example.com,HR,East,Full-time,4,67500
E1082,Karen Chen,karen.chen082@example.com,Operations,North,Full-time,4,90500
E1083,Nancy Lee,nancy.lee083@example.com,Engineering,South,Full-time,3,55000
E1084,Barbara Wilson,barbara.wilson084@example.com,Engineering,East,Contract,3,65500
E1085,Joshua Moore,joshua.moore085@example.com,Engineering,West,Full-time,4,102500
E1086,Nancy Wilson,nancy.wilson086@example.com,Engineering,South,Full-time,4,93000
E1087,Kimberly Lopez,kimberly.lopez087@example.com,Operations,South,Full-time,3,136500
E1088,Lisa Garcia,lisa.garcia088@example.com,Operations,North,Full-time,1,85000
E1089,Donna Morales,donna.morales089@example.com,HR,West,Part-time,3,74000
E1090,Lisa Wilson,lisa.wilson090@example.com,Sales,North,Full-time,3,58000
E1091,Jessica Morales,jessica.morales091@example.com,Engineering,West,Part-time,3,97000
E1092,Anthony Diaz,anthony.diaz092@example.com,Operations,South,Contract,5,94500
E1093,Paul Morales,paul.morales093@example.com,Operations,South,Full-time,3,62500
E1094,Karen Moore,karen.moore094@example.com,Sales,South,Full-time,4,68000
E1095,Carol Williams,carol.williams095@example.com,Operations,North,Full-time,2,67500
E1096,Matthew Diaz,matthew.diaz096@example.com,Sales,North,Part-time,4,59500
E1097,Jessica Jones,jessica.jones097@example.com,Sales,North,Full-time,5,75000
E1098,Patricia Lee,patricia.lee098@example.com,Sales,North,Full-time,2,74500
E1099,Michelle Wilson,michelle.wilson099@example.com,Engineering,East,Part-time,1,123000
E1100,Kenneth Young,kenneth.young100@example.com,Engineering,North,Full-time,3,81000
E1101,Susan Garcia,susan.garcia101@example.com,Engineering,North,Contract,2,100500
E1102,Elizabeth Thomas,elizabeth.thomas102@example.com,Operations,West,Full-time,4,62500
E1103,Charles Thompson,charles.thompson103@example.com,Engineering,East,Full-time,5,99500
E1104,Susan Miller,susan.miller104@example.com,Sales,West,Full-time,3,66000
E1105,Ashley Anderson,ashley.anderson105@example.com,Finance,West,Part-time,3,86500
E1106,Melissa Taylor,melissa.taylor106@example.com,Engineering,North,Full-time,3,102000
E1107,Kevin King,kevin.king107@example.com,Sales,North,Part-time,4,53500
E1108,Michael Clark,michael.clark108@example.com,Operations,East,Contract,1,85500
E1109,Matthew Patel,matthew.patel109@example.com,Engineering,South,Full-time,3,81500
E1110,Susan Anderson,susan.anderson110@example.com,Engineering,North,Contract,4,75500
E1111,Brian Allen,brian.allen111@example.com,Engineering,East,Full-time,4,71000
E1112,Steven Wright,steven.wright112@example.com,Engineering,North,Full-time,3,91500
E1113,Charles Ramirez,charles.ramirez113@example.com,Finance,North,Full-time,4,75000
E1114,Christopher Thompson,christopher.thompson114@example.com,HR,South,Part-time,2,66000
E1115,Ashley Patel,ashley.patel115@example.com,Operations,South,Full-time,2,71500
E1116,Joseph Martin,joseph.martin116@example.com,HR,South,Full-time,4,70000
E1117,Andrew Jones,andrew.jones117@example.com,HR,North,Full-time,4,120000
E1118,David Lewis,david.lewis118@example.com,Engineering,East,Full-time,1,86000
E1119,Jennifer Harris,jennifer.harris119@example.com,HR,North,Full-time,3,50000
E1120,Steven Perez,steven.perez120@example.com,Sales,North,Part-time,3,42000
E1121,Mary Jones,mary.jones121@example.com,HR,East,Part-time,3,44500
E1122,Mark Harris,mark.harris122@example.com,HR,West,Full-time,3,81500
E1123,Linda Smith,linda.smith123@example.com,Engineering,East,Contract,2,102000
E1124,Karen Thompson,karen.thompson124@example.com,Engineering,East,Full-time,3,60500
E1125,Ashley Hernandez,ashley.hernandez125@example.com,Engineering,South,Contract,4,157500
E1126,Kenneth White,kenneth.white126@example.com,Sales,South,Full-time,4,76000
E1127,Richard Lewis,richard.lewis127@example.com,HR,North,Full-time,4,67500
E1128,Betty Thomas,betty.thomas128@example.com,HR,South,Full-time,2,105000
E1129,Andrew Martin,andrew.martin129@example.com,Engineering,North,Part-time,5,131500
E1130,Robert Smith,robert.smith130@example.com,Sales,North,Full-time,4,85000
E1131,James Taylor,james.taylor131@example.com,Sales,East,Full-time,4,86000
E1132,Mary Lewis,mary.lewis132@example.com,Engineering,South,Full-time,4,107000
E1133,Karen Garcia,karen.garcia133@example.com,Engineering,North,Full-time,5,80000
E1134,Linda Lewis,linda.lewis134@example.com,Engineering,North,Full-time,3,91500
E1135,Paul Williams,paul.williams135@example.com,Finance,South,Part-time,3,86500
E1136,Andrew Jones,andrew.jones136@example.com,Engineering,North,Part-time,4,82500
E1137,Mark Lopez,mark.lopez137@example.com,Sales,East,Full-time,4,55000
E1138,Karen Martin,karen.martin138@example.com,Operations,South,Part-time,4,61000
E1139,David Chen,david.chen139@example.com,Sales,South,Full-time,3,54500
E1140,Patricia Jackson,patricia.jackson140@example.com,Finance,South,Part-time,2,76000
E1141,Carol Clark,carol.clark141@example.com,Finance,East,Part-time,3,48000
E1142,Brian Gonzalez,brian.gonzalez142@example.com,Engineering,North,Full-time,5,92500
E1143,Joseph Perez,joseph.perez143@example.com,Sales,South,Part-time,3,46500
E1144,Margaret Perez,margaret.perez144@example.com,Engineering,South,Full-time,3,77000
E1145,Brian Jackson,brian.jackson145@example.com,Engineering,North,Full-time,3,96500
E1146,Linda Davis,linda.davis146@example.com,Engineering,East,Part-time,3,103500
E1147,Emily Sanchez,emily.sanchez147@example.com,Operations,East,Full-time,4,77000
E1148,Betty Thompson,betty.thompson148@example.com,Sales,South,Full-time,4,76000
E1149,Brian Gonzalez,brian.gonzalez149@example.com,Engineering,East,Full-time,4,64500
E1150,Margaret Rodriguez,margaret.rodriguez150@example.com,Engineering,East,Part-time,3,108500
E1151,Karen Jackson,karen.jackson151@example.com,Finance,East,Full-time,4,57000
E1152,Kenneth Lopez,kenneth.lopez152@example.com,Engineering,East,Full-time,3,112000
E1153,Thomas Young,thomas.young153@example.com,Engineering,South,Part-time,4,99500
E1154,Susan Hernandez,susan.hernandez154@example.com,Sales,South,Part-time,3,98500
E1155,Betty Singh,betty.singh155@example.com,Finance,South,Full-time,3,75500
E1156,Mark Hernandez,mark.hernandez156@example.com,Engineering,East,Full-time,4,69500
E1157,Carol King,carol.king157@example.com,Operations,North,Full-time,5,47000
E1158,Brian Jackson,brian.jackson158@example.com,Operations,East,Full-time,2,48500
E1159,Jennifer Davies,jennifer.davies159@example.com,Engineering,East,Full-time,4,56500
E1160,Emily Ramirez,emily.ramirez160@example.com,Operations,North,Part-time,3,82500
E1161,James Wright,james.wright161@example.com,Sales,East,Full-time,3,91500
E1162,Michelle Davis,michelle.davis162@example.com,Operations,North,Full-time,1,74500
E1163,William Hernandez,william.hernandez163@example.com,Operations,North,Full-time,3,64500
E1164,Kenneth Brown,kenneth.brown164@example.com,Sales,East,Part-time,3,117000
E1165,Anthony Lopez,anthony.lopez165@example.com,Engineering,North,Full-time,2,83000
E1166,Betty Davies,betty.davies166@example.com,HR,East,Contract,3,63500
E1167,Elizabeth Islam,elizabeth.islam167@example.com,Engineering,East,Full-time,5,84000
E1168,Joshua White,joshua.white168@example.com,Engineering,South,Full-time,2,78000
E1169,Jessica Gonzalez,jessica.gonzalez169@example.com,Engineering,North,Full-time,4,99500
E1170,Anthony Brown,anthony.brown170@example.com,Sales,North,Full-time,3,59500
E1171,Richard Diaz,richard.diaz171@example.com,Operations,South,Full-time,4,54500
E1172,William Hernandez,william.hernandez172@example.com,Engineering,West,Full-time,3,101000
E1173,Margaret Kumar,margaret.kumar173@example.com,Sales,South,Full-time,2,62000
E1174,Matthew Thompson,matthew.thompson174@example.com,Engineering,North,Part-time,2,88000
E1175,Margaret Islam,margaret.islam175@example.com,Operations,South,Full-time,2,59500
E1176,Betty Harris,betty.harris176@example.com,Engineering,South,Part-time,2,85000
E1177,Donald Jackson,donald.jackson177@example.com,Operations,East,Full-time,4,55000
E1178,Paul Morales,paul.morales178@example.com,Sales,North,Full-time,4,59500
E1179,Susan Wilson,susan.wilson179@example.com,Finance,East,Full-time,4,61000
E1180,Andrew Robinson,andrew.robinson180@example.com,Engineering,South,Full-time,4,105000
E1181,Margaret Taylor,margaret.taylor181@example.com,Engineering,West,Full-time,2,88500
E1182,Robert Thomas,robert.thomas182@example.com,Engineering,North,Full-time,3,107000
E1183,Sandra Lewis,sandra.lewis183@example.com,Finance,South,Full-time,3,97000
E1184,Thomas Harris,thomas.harris184@example.com,HR,West,Full-time,3,53500
E1185,Carol Singh,carol.singh185@example.com,Engineering,North,Full-time,3,106000
E1186,Carol Thompson,carol.thompson186@example.com,Operations,West,Contract,3,65000
E1187,Anthony Singh,anthony.singh187@example.com,HR,South,Part-time,3,57500
E1188,William Perez,william.perez188@example.com,Sales,North,Part-time,3,95500
E1189,Charles Moore,charles.moore189@example.com,Sales,North,Part-time,4,80500
E1190,Kevin Martinez,kevin.martinez190@example.com,Engineering,East,Full-time,4,78000
E1191,Barbara Miller,barbara.miller191@example.com,Engineering,North,Full-time,3,96000
E1192,Carol Clark,carol.clark192@example.com,HR,South,Contract,5,43500
E1193,Paul Smith,paul.smith193@example.com,Finance,North,Full-time,5,80000
E1194,Melissa King,melissa.king194@example.com,Operations,South,Full-time,3,44500
E1195,Patricia Taylor,patricia.taylor195@example.com,Engineering,North,Full-time,3,66500
E1196,Patricia Islam,patricia.islam196@example.com,Engineering,East,Full-time,3,98500
E1197,Betty Brown,betty.brown197@example.com,Operations,West,Full-time,5,33500
E1198,James Miller,james.miller198@example.com,HR,West,Part-time,4,94000
E1199,Sandra Rodriguez,sandra.rodriguez199@example.com,HR,East,Full-time,2,74000
E1200,Andrew Davis,andrew.davis200@example.com,Operations,North,Full-time,3,41000
E1201,Nancy Jackson,nancy.jackson201@example.com,Operations,East,Contract,3,118500
E1202,Donna Islam,donna.islam202@example.com,Engineering,North,Full-time,3,166000
E1203,Mark Diaz,mark.diaz203@example.com,Engineering,North,Full-time,2,81000
E1204,Susan Moore,susan.moore204@example.com,HR,North,Full-time,4,47500
E1205,Margaret Lewis,margaret.lewis205@example.com,Operations,South,Part-time,4,99000
E1206,Jessica Wright,jessica.wright206@example.com,Engineering,East,Contract,4,78000
E1207,Steven Brown,steven.brown207@example.com,Engineering,South,Full-time,4,88500
E1208,Joshua Taylor,joshua.taylor208@example.com,Operations,South,Part-time,4,88000
E1209,Kenneth Sanchez,kenneth.sanchez209@example.com,Engineering,North,Full-time,3,82000
E1210,Kenneth Kumar,kenneth.kumar210@example.com,Engineering,West,Contract,4,80000
E1211,Patricia Robinson,patricia.robinson211@example.com,Sales,South,Part-time,2,51000
E1212,Sandra Perez,sandra.perez212@example.com,Operations,South,Part-time,4,55500
E1213,Richard Johnson,richard.johnson213@example.com,Operations,North,Full-time,2,61000
E1214,Melissa Lopez,melissa.lopez214@example.com,Engineering,East,Contract,4,62500
E1215,Sandra Morales,sandra.morales215@example.com,Operations,South,Part-time,3,49000
E1216,Sarah Sanchez,sarah.sanchez216@example.com,Engineering,North,Full-time,2,85500
E1217,William Smith,william.smith217@example.com,Engineering,North,Part-time,2,53500
E1218,Betty Thompson,betty.thompson218@example.com,Operations,South,Full-time,1,52000
E1219,Betty Garcia,betty.garcia219@example.com,Operations,South,Part-time,4,105500
E1220,Jennifer Davis,jennifer.davis220@example.com,HR,North,Full-time,4,55000
E1221,Nancy Perez,nancy.perez221@example.com,Operations,West,Part-time,3,58000
E1222,Christopher Gibbons,christopher.gibbons222@example.com,Sales,North,Full-time,2,64000
E1223,Sarah Young,sarah.young223@example.com,Engineering,South,Full-time,2,78000
E1224,Joshua Robinson,joshua.robinson224@example.com,Sales,West,Full-time,1,81000
E1225,Emily Allen,emily.allen225@example.com,Engineering,South,Full-time,2,96500
E1226,Barbara Gibbons,barbara.gibbons226@example.com,Engineering,South,Full-time,4,77000
E1227,Elizabeth Robinson,elizabeth.robinson227@example.com,Finance,North,Full-time,3,71000
E1228,Mark Chen,mark.chen228@example.com,Sales,North,Full-time,3,97000
E1229,David Lee,david.lee229@example.com,HR,West,Full-time,2,41000
E1230,Elizabeth Lewis,elizabeth.lewis230@example.com,Operations,South,Full-time,3,64000
E1231,Paul Islam,paul.islam231@example.com,Operations,East,Part-time,3,67000
E1232,Thomas Johnson,thomas.johnson232@example.com,Sales,North,Full-time,4,57500
E1233,Kenneth Moore,kenneth.moore233@example.com,Sales,North,Contract,3,68000
E1234,Robert Miller,robert.miller234@example.com,Sales,North,Part-time,2,55500
E1235,Brian Moore,brian.moore235@example.com,Engineering,South,Full-time,3,99500
E1236,Melissa Davies,melissa.davies236@example.com,Operations,North,Full-time,3,46500
E1237,Joshua Allen,joshua.allen237@example.com,Engineering,East,Part-time,3,111000
E1238,Melissa Young,melissa.young238@example.com,Engineering,South,Full-time,5,83500
E1239,Richard Brown,richard.brown239@example.com,Operations,West,Full-time,4,58000
E1240,Sarah Brown,sarah.brown240@example.com,Engineering,North,Full-time,3,66000
E1241,Kimberly Lewis,kimberly.lewis241@example.com,Finance,East,Part-time,3,97000
E1242,Nancy Perez,nancy.perez242@example.com,Finance,East,Full-time,3,63500
E1243,Mary Garcia,mary.garcia243@example.com,Finance,East,Full-time,3,56000
E1244,Emily Harris,emily.harris244@example.com,Sales,East,Contract,4,91000
E1245,Daniel Thomas,daniel.thomas245@example.com,Engineering,East,Part-time,4,68000
E1246,Steven Wilson,steven.wilson246@example.com,Finance,South,Full-time,2,73000
E1247,Kenneth Ramirez,kenneth.ramirez247@example.com,Sales,North,Full-time,3,86000
E1248,Ashley Ramirez,ashley.ramirez248@example.com,Finance,North,Part-time,3,78000
E1249,David Perez,david.perez249@example.com,Finance,West,Full-time,4,115500
E1250,Ashley Jones,ashley.jones250@example.com,HR,South,Full-time,4,48500
E1251,Matthew Jones,matthew.jones251@example.com,Engineering,East,Full-time,3,80500
E1252,Emily Diaz,emily.diaz252@example.com,Sales,South,Contract,2,67500
E1253,Barbara Chen,barbara.chen253@example.com,HR,North,Full-time,4,70000
E1254,Thomas Miller,thomas.miller254@example.com,Engineering,North,Part-time,2,117500
E1255,Donald Williams,donald.williams255@example.com,Engineering,South,Part-time,3,86500
E1256,Christopher Martinez,christopher.martinez256@example.com,Sales,South,Full-time,2,67500
E1257,Margaret Lewis,margaret.lewis257@example.com,Finance,North,Full-time,4,52000
E1258,Thomas Wright,thomas.wright258@example.com,Operations,South,Full-time,3,67000
E1259,Jennifer Lopez,jennifer.lopez259@example.com,Sales,North,Full-time,3,59500
E1260,Carol Gonzalez,carol.gonzalez260@example.com,Engineering,South,Full-time,4,99000
E1261,Donald Jackson,donald.jackson261@example.com,Operations,North,Part-time,3,58500
E1262,Robert Davis,robert.davis262@example.com,Finance,East,Full-time,3,70500
E1263,Linda Martin,linda.martin263@example.com,Engineering,North,Part-time,3,59000
E1264,Patricia Lee,patricia.lee264@example.com,Sales,South,Full-time,1,44500
E1265,Robert Davis,robert.davis265@example.com,HR,North,Full-time,4,95500
E1266,Matthew Thomas,matthew.thomas266@example.com,Operations,North,Full-time,2,67000
E1267,Joseph Williams,joseph.williams267@example.com,Operations,North,Full-time,3,72000
E1268,David Wilson,david.wilson268@example.com,Operations,South,Part-time,3,51500
E1269,Joseph Miller,joseph.miller269@example.com,Sales,South,Full-time,4,87000
E1270,Thomas Miller,thomas.miller270@example.com,Engineering,North,Full-time,4,101000
E1271,Carol King,carol.king271@example.com,HR,South,Full-time,3,49000
E1272,Kevin Perez,kevin.perez272@example.com,HR,East,Full-time,1,46000
E1273,Nancy Gibbons,nancy.gibbons273@example.com,HR,East,Full-time,4,50000
E1274,Melissa Smith,melissa.smith274@example.com,Finance,North,Full-time,3,74500
E1275,Barbara Islam,barbara.islam275@example.com,Sales,South,Contract,4,73000
E1276,Jessica Davis,jessica.davis276@example.com,Sales,North,Full-time,4,70500
E1277,Anthony Lopez,anthony.lopez277@example.com,Operations,North,Part-time,4,90000
E1278,Anthony Taylor,anthony.taylor278@example.com,Operations,West,Full-time,3,54500
E1279,Betty Wilson,betty.wilson279@example.com,Operations,North,Full-time,3,49500
E1280,Kevin Morales,kevin.morales280@example.com,Operations,South,Full-time,4,65000
E1281,Matthew Islam,matthew.islam281@example.com,HR,South,Full-time,3,39500
E1282,Jennifer Jones,jennifer.jones282@example.com,Engineering,East,Full-time,2,101000
E1283,Brian Harris,brian.harris283@example.com,Sales,South,Full-time,4,71500
E1284,Sarah Gonzalez,sarah.gonzalez284@example.com,Engineering,North,Full-time,4,78000
E1285,Brian Wilson,brian.wilson285@example.com,Sales,North,Full-time,3,63500
E1286,Margaret Moore,margaret.moore286@example.com,Engineering,South,Full-time,2,106500
E1287,Margaret Clark,margaret.clark287@example.com,Sales,North,Contract,3,87000
E1288,Ashley Rodriguez,ashley.rodriguez288@example.com,Sales,North,Full-time,4,66000
E1289,Michelle Diaz,michelle.diaz289@example.com,Engineering,North,Full-time,5,98500
E1290,Karen Ramirez,karen.ramirez290@example.com,Sales,North,Full-time,3,87000
E1291,Paul Brown,paul.brown291@example.com,Engineering,North,Full-time,2,92500
E1292,Kimberly Williams,kimberly.williams292@example.com,Engineering,North,Full-time,4,80500
E1293,Betty Davis,betty.davis293@example.com,HR,South,Full-time,3,66000
E1294,Jennifer Thomas,jennifer.thomas294@example.com,Sales,South,Full-time,3,54000
E1295,Nancy Chen,nancy.chen295@example.com,Engineering,East,Full-time,5,86500
E1296,Sandra Gonzalez,sandra.gonzalez296@example.com,Sales,North,Full-time,2,66000
E1297,Michael Harris,michael.harris297@example.com,Operations,North,Full-time,4,59000
E1298,Karen Moore,karen.moore298@example.com,Engineering,North,Full-time,2,55000
E1299,Sarah Johnson,sarah.johnson299@example.com,Operations,South,Full-time,3,50500
E1300,Barbara Lopez,barbara.lopez300@example.com,Engineering,East,Full-time,4,75500
E1301,Joseph Hernandez,joseph.hernandez301@example.com,Engineering,North,Part-time,3,106500
E1302,Christopher Wright,christopher.wright302@example.com,Sales,West,Full-time,5,75000
E1303,Kenneth Sanchez,kenneth.sanchez303@example.com,Sales,North,Full-time,3,88500
E1304,Susan White,susan.white304@example.com,Operations,South,Full-time,3,88500
E1305,Kevin Smith,kevin.smith305@example.com,Operations,East,Contract,3,70500
E1306,Brian Perez,brian.perez306@example.com,Finance,East,Full-time,3,77500
E1307,Matthew Jackson,matthew.jackson307@example.com,Sales,East,Full-time,3,55000
E1308,Sarah Lopez,sarah.lopez308@example.com,Engineering,East,Full-time,2,139500
E1309,Margaret Ramirez,margaret.ramirez309@example.com,Operations,North,Full-time,3,45500
E1310,Paul Jackson,paul.jackson310@example.com,Engineering,East,Full-time,3,87500
E1311,Margaret Gibbons,margaret.gibbons311@example.com,Sales,North,Full-time,4,86000
E1312,Betty Wright,betty.wright312@example.com,Engineering,East,Part-time,4,105000
E1313,Kimberly Wright,kimberly.wright313@example.com,Engineering,South,Full-time,4,63500
E1314,Michelle Thomas,michelle.thomas314@example.com,Finance,East,Part-time,1,67500
E1315,Carol Gonzalez,carol.gonzalez315@example.com,HR,South,Contract,3,49000
E1316,Matthew Perez,matthew.perez316@example.com,Operations,South,Full-time,4,39500
E1317,Jessica Ramirez,jessica.ramirez317@example.com,Sales,South,Full-time,3,72500
E1318,Andrew Davis,andrew.davis318@example.com,Engineering,East,Full-time,1,71000
E1319,Melissa Perez,melissa.perez319@example.com,Engineering,North,Full-time,4,124000
E1320,Daniel Sanchez,daniel.sanchez320@example.com,Engineering,North,Full-time,4,99000
E1321,Michelle Lee,michelle.lee321@example.com,Sales,North,Contract,3,70500
E1322,Anthony Kumar,anthony.kumar322@example.com,Operations,North,Part-time,2,58000
E1323,James Garcia,james.garcia323@example.com,Operations,East,Full-time,4,67000
E1324,Matthew Thompson,matthew.thompson324@example.com,Engineering,North,Full-time,3,79500
E1325,Brian Islam,brian.islam325@example.com,Finance,West,Part-time,4,76500
E1326,Matthew Diaz,matthew.diaz326@example.com,Operations,North,Contract,4,104500
E1327,Sandra Gonzalez,sandra.gonzalez327@example.com,Sales,North,Part-time,4,53500
E1328,Brian Moore,brian.moore328@example.com,Operations,East,Full-time,3,62500
E1329,Matthew Anderson,matthew.anderson329@example.com,Sales,South,Full-time,2,83500
E1330,Paul Lee,paul.lee330@example.com,Engineering,South,Full-time,4,77000
E1331,Kenneth Thompson,kenneth.thompson331@example.com,Sales,South,Full-time,4,104000
E1332,Mark Moore,mark.moore332@example.com,Operations,East,Full-time,4,77000
E1333,Nancy Patel,nancy.patel333@example.com,Engineering,North,Full-time,2,71000
E1334,Emily Miller,emily.miller334@example.com,Engineering,West,Full-time,2,89500
E1335,Karen Clark,karen.clark335@example.com,Engineering,West,Full-time,4,71500
E1336,Jennifer Clark,jennifer.clark336@example.com,Engineering,South,Full-time,4,69500
E1337,David Young,david.young337@example.com,HR,North,Full-time,5,58000
E1338,Daniel Sanchez,daniel.sanchez338@example.com,Operations,South,Full-time,4,89000
E1339,Michelle Gonzalez,michelle.gonzalez339@example.com,Sales,North,Full-time,3,84500
E1340,Matthew Martin,matthew.martin340@example.com,Engineering,North,Full-time,4,84500
E1341,Joshua Ramirez,joshua.ramirez341@example.com,Sales,North,Part-time,4,85000
E1342,Charles Ramirez,charles.ramirez342@example.com,Sales,South,Full-time,3,75000
E1343,Kevin Johnson,kevin.johnson343@example.com,Engineering,East,Full-time,4,63500
E1344,Anthony Kumar,anthony.kumar344@example.com,Sales,East,Full-time,2,67500
E1345,Jennifer Hernandez,jennifer.hernandez345@example.com,Sales,East,Contract,3,68500
E1346,Carol Garcia,carol.garcia346@example.com,Operations,South,Full-time,4,78500
E1347,Richard Wilson,richard.wilson347@example.com,Operations,North,Full-time,3,56500
E1348,Mary Patel,mary.patel348@example.com,Engineering,North,Full-time,3,67500
E1349,Robert Wright,robert.wright349@example.com,Sales,West,Full-time,3,69000
E1350,Paul White,paul.white350@example.com,Operations,North,Full-time,3,55500
E1351,Christopher Moore,christopher.moore351@example.com,Sales,East,Full-time,3,64500
E1352,Nancy Wright,nancy.wright352@example.com,HR,South,Contract,3,59000
E1353,James Morales,james.morales353@example.com,Operations,South,Full-time,5,59000
E1354,Anthony Islam,anthony.islam354@example.com,Engineering,East,Part-time,3,108000
E1355,Kimberly Harris,kimberly.harris355@example.com,Engineering,South,Part-time,2,121000
E1356,Jessica King,jessica.king356@example.com,Operations,East,Full-time,2,80500
E1357,Donald Jackson,donald.jackson357@example.com,Engineering,West,Contract,4,54500
E1358,Matthew Jackson,matthew.jackson358@example.com,Sales,South,Full-time,3,59500
E1359,Anthony Thomas,anthony.thomas359@example.com,Finance,North,Full-time,4,71500
E1360,David Smith,david.smith360@example.com,Sales,South,Full-time,4,44000
E1361,Emily Jackson,emily.jackson361@example.com,Sales,West,Full-time,4,56000
E1362,Paul King,paul.king362@example.com,Operations,North,Full-time,3,62000
E1363,Jessica Patel,jessica.patel363@example.com,Sales,South,Full-time,4,62500
E1364,Sarah King,sarah.king364@example.com,Sales,South,Full-time,3,70000
E1365,Anthony Garcia,anthony.garcia365@example.com,Finance,East,Full-time,5,53000
E1366,Daniel Garcia,daniel.garcia366@example.com,Sales,North,Full-time,4,62500
E1367,Ashley Kumar,ashley.kumar367@example.com,Finance,East,Full-time,3,78000
E1368,Brian Chen,brian.chen368@example.com,Finance,West,Full-time,3,75000
E1369,Steven Singh,steven.singh369@example.com,Engineering,North,Full-time,2,95000
E1370,Barbara Robinson,barbara.robinson370@example.com,Engineering,North,Part-time,4,93500
E1371,Sarah White,sarah.white371@example.com,Engineering,West,Full-time,3,77000
E1372,David Young,david.young372@example.com,Engineering,North,Part-time,3,87500
E1373,Thomas Brown,thomas.brown373@example.com,Engineering,East,Full-time,3,69500
E1374,Michelle Rodriguez,michelle.rodriguez374@example.com,Operations,South,Full-time,4,61000
E1375,David Sanchez,david.sanchez375@example.com,Engineering,North,Full-time,4,65500
E1376,Patricia Taylor,patricia.taylor376@example.com,Engineering,East,Full-time,4,111000
E1377,Jessica Anderson,jessica.anderson377@example.com,HR,South,Full-time,4,56000
E1378,Andrew Jones,andrew.jones378@example.com,Engineering,South,Part-time,2,111000
E1379,Michael Martin,michael.martin379@example.com,HR,North,Full-time,2,65000
E1380,Thomas Moore,thomas.moore380@example.com,Engineering,South,Part-time,4,68000
E1381,Mary Lewis,mary.lewis381@example.com,Engineering,North,Part-time,3,90500
E1382,Joseph Brown,joseph.brown382@example.com,Operations,North,Part-time,3,79500
E1383,Emily Martinez,emily.martinez383@example.com,Operations,West,Contract,1,64000
E1384,Steven Kumar,steven.kumar384@example.com,HR,North,Full-time,3,61000
E1385,Linda Williams,linda.williams385@example.com,Operations,South,Full-time,1,56500
E1386,David Robinson,david.robinson386@example.com,HR,North,Full-time,4,60500
E1387,Richard Wright,richard.wright387@example.com,Engineering,East,Full-time,3,90000
E1388,Joshua Singh,joshua.singh388@example.com,Engineering,North,Full-time,3,73500
E1389,Joseph Morales,joseph.morales389@example.com,Operations,West,Part-time,1,49500
E1390,Joseph Lopez,joseph.lopez390@example.com,HR,South,Full-time,4,83000
E1391,Joshua Martinez,joshua.martinez391@example.com,Finance,North,Full-time,3,87000
E1392,David Miller,david.miller392@example.com,Sales,North,Full-time,4,61000
E1393,Mary Thompson,mary.thompson393@example.com,Sales,North,Full-time,4,74000
E1394,Kenneth Patel,kenneth.patel394@example.com,Operations,South,Full-time,3,45000
E1395,Kenneth Lee,kenneth.lee395@example.com,Engineering,North,Part-time,5,52000
E1396,Matthew Lewis,matthew.lewis396@example.com,Finance,East,Full-time,5,98500
E1397,Susan Sanchez,susan.sanchez397@example.com,HR,South,Full-time,4,63500
E1398,Michael Young,michael.young398@example.com,Sales,North,Full-time,4,69000
E1399,Anthony Young,anthony.young399@example.com,Operations,South,Full-time,3,69000
E1400,Karen Taylor,karen.taylor400@example.com,Operations,East,Full-time,3,145500
E1401,Mary Harris,mary.harris401@example.com,Engineering,North,Full-time,2,105500
E1402,Joseph Chen,joseph.chen402@example.com,Finance,North,Full-time,2,58000
E1403,Margaret Singh,margaret.singh403@example.com,Sales,North,Full-time,5,46000
E1404,Jennifer Williams,jennifer.williams404@example.com,HR,East,Full-time,3,78000
E1405,Andrew Moore,andrew.moore405@example.com,Engineering,South,Full-time,4,105500
E1406,Richard Martin,richard.martin406@example.com,HR,South,Full-time,4,69500
E1407,Michael Jackson,michael.jackson407@example.com,Sales,East,Full-time,4,57000
E1408,Lisa Jackson,lisa.jackson408@example.com,Engineering,East,Full-time,5,93000
E1409,Jessica White,jessica.white409@example.com,Finance,South,Contract,3,62500
E1410,Kevin Brown,kevin.brown410@example.com,Engineering,East,Full-time,1,100500
E1411,Thomas Harris,thomas.harris411@example.com,Engineering,North,Full-time,3,108500
E1412,Melissa Wright,melissa.wright412@example.com,Finance,North,Full-time,2,65500
E1413,Susan Jackson,susan.jackson413@example.com,Finance,North,Full-time,1,99500
E1414,Carol Morales,carol.morales414@example.com,Sales,North,Full-time,3,72000
E1415,William Robinson,william.robinson415@example.com,Operations,South,Full-time,4,73500
E1416,Christopher Harris,christopher.harris416@example.com,Sales,West,Contract,3,50500
E1417,Jessica Patel,jessica.patel417@example.com,Engineering,North,Full-time,3,90000
E1418,Linda Moore,linda.moore418@example.com,Engineering,North,Full-time,4,72000
E1419,Margaret Thomas,margaret.thomas419@example.com,Operations,South,Full-time,3,73000
E1420,Christopher Singh,christopher.singh420@example.com,Operations,West,Full-time,1,94000
E1421,Charles Gonzalez,charles.gonzalez421@example.com,Operations,North,Full-time,4,70000
E1422,William Clark,william.clark422@example.com,Operations,South,Full-time,4,52000
E1423,Barbara King,barbara.king423@example.com,Engineering,North,Part-time,4,99500
E1424,Donna Harris,donna.harris424@example.com,Sales,North,Full-time,1,77500
E1425,Jennifer White,jennifer.white425@example.com,Engineering,West,Full-time,4,142000
E1426,Sarah Thompson,sarah.thompson426@example.com,Sales,West,Contract,4,74500
E1427,Jennifer Lewis,jennifer.lewis427@example.com,Sales,North,Full-time,3,60500
E1428,Anthony Taylor,anthony.taylor428@example.com,HR,West,Contract,4,72500
E1429,Nancy Hernandez,nancy.hernandez429@example.com,Sales,South,Full-time,4,68000
E1430,Betty King,betty.king430@example.com,Engineering,East,Part-time,3,86500
E1431,Margaret Williams,margaret.williams431@example.com,Engineering,South,Full-time,3,67500
E1432,Richard Davies,richard.davies432@example.com,Operations,South,Part-time,5,63000
E1433,Susan Sanchez,susan.sanchez433@example.com,Operations,South,Contract,4,65500
E1434,Daniel Chen,daniel.chen434@example.com,Engineering,South,Full-time,3,82500
E1435,Sandra Davis,sandra.davis435@example.com,Engineering,North,Contract,4,73500
E1436,Karen Diaz,karen.diaz436@example.com,Operations,North,Full-time,3,70000
E1437,Lisa Miller,lisa.miller437@example.com,Engineering,North,Full-time,3,67500
E1438,David Smith,david.smith438@example.com,HR,East,Full-time,3,45000
E1439,Donald Davis,donald.davis439@example.com,Operations,North,Full-time,5,77500
E1440,Patricia Wright,patricia.wright440@example.com,Engineering,South,Full-time,5,99000
E1441,Robert Patel,robert.patel441@example.com,Engineering,West,Full-time,3,61500
E1442,William Clark,william.clark442@example.com,Finance,North,Full-time,3,47500
E1443,James Clark,james.clark443@example.com,Sales,South,Part-time,3,54500
E1444,Jessica Davies,jessica.davies444@example.com,Sales,South,Part-time,5,68000
E1445,William Thompson,william.thompson445@example.com,HR,East,Full-time,5,80000
E1446,Kevin Hernandez,kevin.hernandez446@example.com,Finance,North,Full-time,4,72000
E1447,Emily Allen,emily.allen447@example.com,Finance,South,Full-time,4,62000
E1448,Donna Gibbons,donna.gibbons448@example.com,Operations,East,Full-time,4,67500
E1449,Kevin Taylor,kevin.taylor449@example.com,Sales,West,Full-time,3,68000
E1450,Andrew Jones,andrew.jones450@example.com,Engineering,South,Full-time,2,60000
E1451,Ashley Williams,ashley.williams451@example.com,Operations,South,Full-time,3,46000
E1452,Andrew Wilson,andrew.wilson452@example.com,Sales,South,Contract,4,50000
E1453,Steven Young,steven.young453@example.com,Sales,East,Full-time,4,130000
E1454,Charles White,charles.white454@example.com,Finance,South,Full-time,3,93000
E1455,Matthew Moore,matthew.moore455@example.com,Engineering,North,Full-time,5,73500
E1456,Susan Anderson,susan.anderson456@example.com,Sales,West,Full-time,2,92500
E1457,Thomas Garcia,thomas.garcia457@example.com,Engineering,South,Full-time,3,73500
E1458,Mark Anderson,mark.anderson458@example.com,Sales,South,Full-time,4,91500
E1459,Donna Davis,donna.davis459@example.com,Engineering,North,Full-time,4,86500
E1460,Thomas Williams,thomas.williams460@example.com,Engineering,South,Full-time,4,72000
E1461,Joseph Kumar,joseph.kumar461@example.com,Engineering,North,Contract,3,100500
E1462,Kimberly White,kimberly.white462@example.com,Operations,South,Part-time,2,67500
E1463,Michelle Diaz,michelle.diaz463@example.com,Operations,North,Full-time,4,72000
E1464,Ashley Robinson,ashley.robinson464@example.com,Sales,South,Full-time,3,74000
E1465,Joseph Smith,joseph.smith465@example.com,Finance,West,Full-time,2,79000
E1466,Kimberly Anderson,kimberly.anderson466@example.com,Sales,North,Full-time,4,85500
E1467,Melissa Wilson,melissa.wilson467@example.com,Engineering,West,Full-time,3,162000
E1468,Donald King,donald.king468@example.com,HR,South,Full-time,4,82000
E1469,Sarah Miller,sarah.miller469@example.com,Engineering,East,Full-time,4,90000
E1470,Donald Young,donald.young470@example.com,Finance,East,Full-time,2,69500
E1471,Anthony Davies,anthony.davies471@example.com,Engineering,South,Full-time,1,81000
E1472,Susan Davis,susan.davis472@example.com,Finance,East,Contract,4,55000
E1473,Mark Johnson,mark.johnson473@example.com,Engineering,East,Contract,4,100500
E1474,Charles Gibbons,charles.gibbons474@example.com,HR,South,Part-time,4,46500
E1475,Susan Harris,susan.harris475@example.com,Sales,North,Full-time,4,64000
E1476,Sandra Lewis,sandra.lewis476@example.com,Finance,South,Part-time,4,88500
E1477,Karen Lee,karen.lee477@example.com,Engineering,East,Full-time,5,80000
E1478,Lisa Wright,lisa.wright478@example.com,Sales,East,Part-time,3,62000
E1479,Joshua Thomas,joshua.thomas479@example.com,Finance,East,Full-time,3,55500
E1480,Brian Taylor,brian.taylor480@example.com,Sales,South,Part-time,3,94500
E1481,Jessica Johnson,jessica.johnson481@example.com,Operations,East,Full-time,2,53000
E1482,Patricia Lee,patricia.lee482@example.com,Operations,North,Part-time,3,56000
E1483,Kenneth King,kenneth.king483@example.com,Sales,South,Contract,3,44500
E1484,Sandra Garcia,sandra.garcia484@example.com,Operations,North,Full-time,5,64500
E1485,Charles Chen,charles.chen485@example.com,Sales,North,Full-time,3,64500
E1486,Anthony Jones,anthony.jones486@example.com,Finance,North,Contract,3,78500
E1487,Michael Martin,michael.martin487@example.com,Engineering,North,Full-time,3,63500
E1488,Jessica Kumar,jessica.kumar488@example.com,Engineering,South,Part-time,2,102000
E1489,Joshua Patel,joshua.patel489@example.com,Finance,North,Full-time,1,47500
E1490,David Jones,david.jones490@example.com,HR,South,Full-time,3,58500
E1491,Emily Johnson,emily.johnson491@example.com,Sales,North,Full-time,2,72000
E1492,David Islam,david.islam492@example.com,Operations,North,Full-time,4,66000
E1493,Donna Perez,donna.perez493@example.com,Engineering,North,Part-time,4,88500
E1494,Lisa Perez,lisa.perez494@example.com,Engineering,North,Full-time,4,103500
E1495,Kimberly Lewis,kimberly.lewis495@example.com,Sales,South,Full-time,4,97500
E1496,Carol Allen,carol.allen496@example.com,Sales,South,Full-time,3,67500
E1497,Sarah Miller,sarah.miller497@example.com,Sales,South,Full-time,4,55000
E1498,James Allen,james.allen498@example.com,Engineering,South,Part-time,4,98000
E1499,James White,james.white499@example.com,Finance,North,Contract,2,70000
E1500,Patricia Brown,patricia.brown500@example.com,Finance,East,Full-time,4,103000
E1501,Sarah Clark,sarah.clark501@example.com,Operations,South,Part-time,3,56000
E1502,Brian Diaz,brian.diaz502@example.com,Sales,South,Part-time,4,56500
E1503,Paul Ramirez,paul.ramirez503@example.com,Engineering,North,Full-time,5,88000
E1504,Emily Kumar,emily.kumar504@example.com,HR,North,Contract,1,39000
E1505,Donna Garcia,donna.garcia505@example.com,Operations,North,Full-time,4,58000
E1506,Jessica King,jessica.king506@example.com,Engineering,North,Full-time,4,78500
E1507,Matthew Singh,matthew.singh507@example.com,Finance,South,Part-time,5,79000
E1508,Nancy Gonzalez,nancy.gonzalez508@example.com,HR,South,Full-time,3,47000
E1509,Sarah Gonzalez,sarah.gonzalez509@example.com,Finance,South,Part-time,4,60000
E1510,Joshua Islam,joshua.islam510@example.com,Operations,East,Part-time,2,87000
E1511,Kenneth Singh,kenneth.singh511@example.com,Operations,East,Full-time,3,65000
E1512,Charles Anderson,charles.anderson512@example.com,Sales,East,Part-time,2,87000
E1513,Sarah Thompson,sarah.thompson513@example.com,Finance,West,Full-time,5,65500
E1514,Sandra King,sandra.king514@example.com,HR,North,Full-time,4,59000
E1515,Patricia Williams,patricia.williams515@example.com,Engineering,North,Full-time,4,89500
E1516,William Moore,william.moore516@example.com,Engineering,North,Contract,5,131500
E1517,Emily Miller,emily.miller517@example.com,Sales,South,Full-time,2,66500
E1518,Michelle Garcia,michelle.garcia518@example.com,HR,East,Full-time,3,57500
E1519,Lisa Smith,lisa.smith519@example.com,Finance,North,Full-time,2,98500
E1520,Patricia Islam,patricia.islam520@example.com,Engineering,West,Part-time,3,77500
E1521,Donald Lee,donald.lee521@example.com,Sales,North,Full-time,3,75000
E1522,Betty Wilson,betty.wilson522@example.com,Sales,West,Full-time,3,90000
E1523,David Lopez,david.lopez523@example.com,Finance,North,Full-time,3,65000
E1524,Emily Garcia,emily.garcia524@example.com,HR,North,Full-time,2,65500
E1525,Karen White,karen.white525@example.com,HR,South,Part-time,2,93000
E1526,Mark Davies,mark.davies526@example.com,Sales,North,Full-time,2,88000
E1527,Linda Smith,linda.smith527@example.com,Sales,North,Full-time,5,75000
E1528,Nancy Miller,nancy.miller528@example.com,Engineering,North,Contract,4,80500
E1529,Christopher Perez,christopher.perez529@example.com,Engineering,East,Full-time,5,73000
E1530,Andrew Robinson,andrew.robinson530@example.com,HR,South,Contract,3,47000
E1531,Donald Perez,donald.perez531@example.com,HR,North,Full-time,3,87500
E1532,Richard Martin,richard.martin532@example.com,Finance,South,Part-time,4,104000
E1533,Donald Kumar,donald.kumar533@example.com,Finance,East,Full-time,3,63500
E1534,Emily King,emily.king534@example.com,Sales,North,Full-time,3,76000
E1535,James Young,james.young535@example.com,Operations,South,Part-time,3,67000
E1536,Sandra Moore,sandra.moore536@example.com,Finance,North,Part-time,2,101000
E1537,Charles Davies,charles.davies537@example.com,HR,North,Part-time,3,66000
E1538,Susan Thompson,susan.thompson538@example.com,Engineering,South,Full-time,3,84500
E1539,Anthony Anderson,anthony.anderson539@example.com,Sales,North,Part-time,4,61000
E1540,Lisa Williams,lisa.williams540@example.com,Engineering,South,Part-time,2,92500
E1541,Christopher King,christopher.king541@example.com,Finance,East,Full-time,3,68500
E1542,Andrew Smith,andrew.smith542@example.com,Operations,North,Part-time,4,68500
E1543,Daniel Lewis,daniel.lewis543@example.com,Engineering,South,Part-time,2,83500
E1544,Jennifer Gibbons,jennifer.gibbons544@example.com,Operations,North,Full-time,3,59000
E1545,James Smith,james.smith545@example.com,Operations,West,Full-time,4,51000
E1546,Mark Lee,mark.lee546@example.com,Sales,South,Full-time,2,79500
E1547,Jessica Patel,jessica.patel547@example.com,Engineering,East,Full-time,2,86000
E1548,Betty Thomas,betty.thomas548@example.com,Operations,South,Full-time,3,101500
E1549,Margaret Smith,margaret.smith549@example.com,Sales,North,Full-time,3,54000
E1550,Donna Martinez,donna.martinez550@example.com,Operations,South,Full-time,3,76000
E1551,Brian Taylor,brian.taylor551@example.com,Sales,West,Full-time,4,68500
E1552,Matthew Miller,matthew.miller552@example.com,HR,South,Full-time,2,101500
E1553,Melissa Miller,melissa.miller553@example.com,Sales,East,Part-time,3,80500
E1554,Melissa Anderson,melissa.anderson554@example.com,Sales,East,Contract,3,76000
E1555,Kimberly Brown,kimberly.brown555@example.com,HR,North,Full-time,2,59000
E1556,Susan Wilson,susan.wilson556@example.com,Sales,North,Contract,4,58500
E1557,Jessica Miller,jessica.miller557@example.com,Engineering,South,Full-time,3,92000
E1558,Ashley Jackson,ashley.jackson558@example.com,Engineering,South,Full-time,3,60000
E1559,Mary Martinez,mary.martinez559@example.com,Operations,East,Full-time,2,46500
E1560,Charles Gibbons,charles.gibbons560@example.com,Operations,West,Full-time,3,83500
E1561,Elizabeth Garcia,elizabeth.garcia561@example.com,Operations,North,Part-time,3,42000
E1562,Lisa Diaz,lisa.diaz562@example.com,Engineering,North,Part-time,4,78500
E1563,Kevin Martin,kevin.martin563@example.com,Engineering,East,Full-time,2,65500
E1564,James Garcia,james.garcia564@example.com,Engineering,North,Full-time,3,77000
E1565,Christopher Moore,christopher.moore565@example.com,Sales,East,Full-time,3,73500
E1566,Jennifer Allen,jennifer.allen566@example.com,Sales,South,Full-time,4,89500
E1567,Matthew Thompson,matthew.thompson567@example.com,Sales,South,Full-time,3,95000
E1568,Betty Gonzalez,betty.gonzalez568@example.com,Sales,North,Full-time,4,55500
E1569,William Anderson,william.anderson569@example.com,Finance,South,Part-time,4,67000
E1570,Melissa Clark,melissa.clark570@example.com,Engineering,South,Contract,4,234000
E1571,Betty Allen,betty.allen571@example.com,Sales,South,Full-time,3,66000
E1572,Thomas Morales,thomas.morales572@example.com,Operations,North,Contract,3,52000
E1573,Mark Jones,mark.jones573@example.com,Sales,East,Full-time,4,58500
E1574,Mary Allen,mary.allen574@example.com,Operations,East,Full-time,5,61000
E1575,Jessica Thompson,jessica.thompson575@example.com,HR,North,Full-time,4,54500
E1576,Carol Thomas,carol.thomas576@example.com,Finance,North,Full-time,3,70500
E1577,Susan Lewis,susan.lewis577@example.com,Engineering,North,Contract,2,84500
E1578,Betty Wright,betty.wright578@example.com,Finance,South,Full-time,3,74500
E1579,Thomas Williams,thomas.williams579@example.com,Sales,South,Full-time,4,55000
E1580,Matthew Lewis,matthew.lewis580@example.com,Engineering,South,Full-time,3,93000
E1581,Kimberly Allen,kimberly.allen581@example.com,Sales,North,Full-time,3,72000
E1582,Kevin Kumar,kevin.kumar582@example.com,Finance,North,Part-time,4,85000
E1583,Matthew Miller,matthew.miller583@example.com,Sales,South,Full-time,3,45500
E1584,Robert Diaz,robert.diaz584@example.com,Engineering,South,Full-time,4,88500
E1585,Steven Moore,steven.moore585@example.com,Operations,West,Full-time,3,39500
E1586,Brian Miller,brian.miller586@example.com,Engineering,North,Full-time,3,81500
E1587,Kevin Smith,kevin.smith587@example.com,Engineering,South,Full-time,3,100000
E1588,Susan Diaz,susan.diaz588@example.com,Engineering,South,Full-time,4,110500
E1589,Jennifer Chen,jennifer.chen589@example.com,Engineering,South,Full-time,2,92500
E1590,Barbara Miller,barbara.miller590@example.com,Engineering,East,Part-time,2,100500
E1591,Betty King,betty.king591@example.com,Engineering,South,Part-time,5,79000
E1592,Sandra Morales,sandra.morales592@example.com,Operations,West,Part-time,2,57000
E1593,Daniel Taylor,daniel.taylor593@example.com,Engineering,North,Full-time,3,166500
E1594,Paul Martinez,paul.martinez594@example.com,Engineering,North,Full-time,3,104500
E1595,Emily Lopez,emily.lopez595@example.com,HR,East,Full-time,3,45000
E1596,Jessica Kumar,jessica.kumar596@example.com,Sales,South,Part-time,4,45500
E1597,Ashley Anderson,ashley.anderson597@example.com,Operations,North,Full-time,3,58000
E1598,Mark Ramirez,mark.ramirez598@example.com,Engineering,North,Full-time,3,114500
E1599,Charles Johnson,charles.johnson599@example.com,Engineering,North,Full-time,3,86000
E1600,Donna Miller,donna.miller600@example.com,Engineering,East,Full-time,4,48500
E1601,Joseph Anderson,joseph.anderson601@example.com,Engineering,North,Full-time,2,81500
E1602,Anthony Thompson,anthony.thompson602@example.com,Engineering,North,Full-time,3,85000
E1603,Lisa Sanchez,lisa.sanchez603@example.com,Engineering,North,Part-time,2,46500
E1604,Paul Hernandez,paul.hernandez604@example.com,Engineering,North,Full-time,3,85500
E1605,Barbara Harris,barbara.harris605@example.com,Engineering,North,Full-time,3,66000
E1606,Joshua Islam,joshua.islam606@example.com,Sales,South,Full-time,2,44000
E1607,Carol Kumar,carol.kumar607@example.com,Engineering,North,Full-time,4,127000
E1608,Nancy Patel,nancy.patel608@example.com,Sales,East,Full-time,3,53500
E1609,Paul Taylor,paul.taylor609@example.com,Sales,North,Part-time,5,59000
E1610,Nancy Gibbons,nancy.gibbons610@example.com,Operations,South,Full-time,5,55000
E1611,Mary Diaz,mary.diaz611@example.com,Engineering,East,Part-time,3,85000
E1612,Nancy Rodriguez,nancy.rodriguez612@example.com,Operations,South,Full-time,2,101000
E1613,Patricia Taylor,patricia.taylor613@example.com,Operations,South,Full-time,3,48000
E1614,Charles Robinson,charles.robinson614@example.com,Engineering,North,Part-time,4,78500
E1615,Michelle Hernandez,michelle.hernandez615@example.com,HR,North,Full-time,3,62000
E1616,Daniel Lee,daniel.lee616@example.com,Finance,South,Full-time,2,60500
E1617,Sarah Lewis,sarah.lewis617@example.com,Engineering,West,Full-time,3,78500
E1618,Nancy Martinez,nancy.martinez618@example.com,Engineering,South,Full-time,4,98500
E1619,Charles Moore,charles.moore619@example.com,HR,South,Part-time,4,49500
E1620,Emily Martin,emily.martin620@example.com,Operations,East,Full-time,2,59500
E1621,Joshua Moore,joshua.moore621@example.com,Engineering,South,Part-time,4,76500
E1622,Charles Rodriguez,charles.rodriguez622@example.com,Engineering,North,Part-time,3,83000
E1623,Susan Lewis,susan.lewis623@example.com,Sales,South,Full-time,3,74500
E1624,Steven Brown,steven.brown624@example.com,Sales,West,Contract,4,81000
E1625,Sarah Martin,sarah.martin625@example.com,Operations,North,Full-time,3,105500
E1626,Brian Rodriguez,brian.rodriguez626@example.com,Sales,South,Contract,3,36000
E1627,Joseph Anderson,joseph.anderson627@example.com,Sales,North,Full-time,1,67000
E1628,Mark Anderson,mark.anderson628@example.com,Operations,South,Full-time,4,46000
E1629,Margaret Gibbons,margaret.gibbons629@example.com,Engineering,North,Full-time,4,77000
E1630,Christopher Sanchez,christopher.sanchez630@example.com,Engineering,South,Full-time,4,106000
E1631,Betty Harris,betty.harris631@example.com,Operations,East,Full-time,4,87500
E1632,Betty Sanchez,betty.sanchez632@example.com,HR,North,Part-time,2,82000
E1633,Margaret Moore,margaret.moore633@example.com,Sales,South,Full-time,3,95500
E1634,Ashley Williams,ashley.williams634@example.com,Sales,East,Full-time,3,67000
E1635,Mary Allen,mary.allen635@example.com,Engineering,West,Part-time,2,120500
E1636,Emily Jackson,emily.jackson636@example.com,Sales,North,Full-time,3,104500
E1637,Charles Allen,charles.allen637@example.com,Sales,North,Contract,5,72500
E1638,Elizabeth Williams,elizabeth.williams638@example.com,Engineering,North,Part-time,1,114000
E1639,Brian Sanchez,brian.sanchez639@example.com,Engineering,West,Contract,3,86000
E1640,Andrew Davis,andrew.davis640@example.com,Sales,West,Part-time,3,99500
E1641,Donna Miller,donna.miller641@example.com,Engineering,South,Full-time,3,81500
E1642,Donna Thomas,donna.thomas642@example.com,Engineering,East,Full-time,5,73000
E1643,Nancy Smith,nancy.smith643@example.com,Engineering,South,Part-time,3,64000
E1644,Anthony Martinez,anthony.martinez644@example.com,Engineering,South,Full-time,3,81500
E1645,Jessica Thomas,jessica.thomas645@example.com,Engineering,North,Full-time,4,87000
E1646,Linda Lewis,linda.lewis646@example.com,HR,East,Full-time,2,47500
E1647,Kenneth Ramirez,kenneth.ramirez647@example.com,Sales,North,Contract,3,66000
E1648,Jennifer Thomas,jennifer.thomas648@example.com,Operations,East,Full-time,3,57000
E1649,Karen Thomas,karen.thomas649@example.com,Operations,East,Full-time,3,49500
E1650,William Kumar,william.kumar650@example.com,Sales,East,Full-time,5,90500
E1651,Susan Islam,susan.islam651@example.com,Engineering,North,Full-time,4,115000
E1652,Betty Sanchez,betty.sanchez652@example.com,Sales,North,Full-time,3,90500
E1653,Susan Miller,susan.miller653@example.com,Sales,North,Full-time,4,68500
E1654,Paul Sanchez,paul.sanchez654@example.com,Operations,North,Full-time,2,64500
E1655,Karen Williams,karen.williams655@example.com,Sales,North,Part-time,1,53500
E1656,Patricia Sanchez,patricia.sanchez656@example.com,Engineering,West,Full-time,3,94500
E1657,Richard Johnson,richard.johnson657@example.com,Engineering,South,Part-time,3,88500
E1658,Susan Robinson,susan.robinson658@example.com,Sales,North,Part-time,3,142500
E1659,Elizabeth Sanchez,elizabeth.sanchez659@example.com,Operations,North,Full-time,4,85500
E1660,Melissa Allen,melissa.allen660@example.com,Sales,South,Full-time,5,75500
E1661,Joseph Wilson,joseph.wilson661@example.com,Sales,South,Full-time,3,69500
E1662,Nancy King,nancy.king662@example.com,Finance,South,Part-time,3,96500
E1663,Melissa Sanchez,melissa.sanchez663@example.com,Operations,West,Full-time,2,51500
E1664,Daniel Ramirez,daniel.ramirez664@example.com,Engineering,South,Full-time,1,113000
E1665,Donna Patel,donna.patel665@example.com,Engineering,West,Full-time,3,65000
E1666,Mary Singh,mary.singh666@example.com,Engineering,East,Full-time,3,74000
E1667,David Thompson,david.thompson667@example.com,Engineering,North,Full-time,4,53500
E1668,Thomas Gonzalez,thomas.gonzalez668@example.com,Engineering,West,Full-time,2,99000
E1669,Matthew Taylor,matthew.taylor669@example.com,Engineering,North,Part-time,1,90500
E1670,Mary Martin,mary.martin670@example.com,Engineering,East,Full-time,3,74000
E1671,Karen Williams,karen.williams671@example.com,Engineering,North,Full-time,3,67500
E1672,Elizabeth Patel,elizabeth.patel672@example.com,HR,East,Full-time,1,84500
E1673,Mary Morales,mary.morales673@example.com,Engineering,East,Part-time,4,82000
E1674,Susan Thomas,susan.thomas674@example.com,Sales,East,Full-time,2,58000
E1675,Christopher King,christopher.king675@example.com,Sales,East,Part-time,4,113000
E1676,Melissa Garcia,melissa.garcia676@example.com,Finance,North,Full-time,3,63500
E1677,Joseph Morales,joseph.morales677@example.com,Engineering,North,Full-time,2,113000
E1678,Lisa Moore,lisa.moore678@example.com,Sales,South,Full-time,3,52500
E1679,Elizabeth Robinson,elizabeth.robinson679@example.com,Finance,North,Full-time,4,68500
E1680,Michelle Miller,michelle.miller680@example.com,HR,South,Full-time,3,68000
E1681,Ashley Jackson,ashley.jackson681@example.com,HR,North,Full-time,4,59000
E1682,Jennifer Martin,jennifer.martin682@example.com,Engineering,West,Part-time,2,90500
E1683,Mark Islam,mark.islam683@example.com,Engineering,South,Full-time,4,74500
E1684,Joshua Miller,joshua.miller684@example.com,Operations,East,Full-time,3,43500
E1685,Michael Hernandez,michael.hernandez685@example.com,Finance,North,Full-time,4,108000
E1686,Thomas Williams,thomas.williams686@example.com,Sales,East,Full-time,3,62000
E1687,Michael Thompson,michael.thompson687@example.com,Sales,West,Full-time,5,75000
E1688,Joshua Rodriguez,joshua.rodriguez688@example.com,Engineering,South,Full-time,3,101500
E1689,Thomas Williams,thomas.williams689@example.com,Operations,South,Full-time,2,70000
E1690,Donald Garcia,donald.garcia690@example.com,Engineering,East,Full-time,1,71000
E1691,Charles Sanchez,charles.sanchez691@example.com,Engineering,North,Full-time,4,113500
E1692,Daniel Davis,daniel.davis692@example.com,Sales,South,Full-time,3,79500
E1693,Daniel Hernandez,daniel.hernandez693@example.com,Sales,North,Full-time,4,73500
E1694,Carol Davis,carol.davis694@example.com,Engineering,North,Full-time,3,89000
E1695,Emily White,emily.white695@example.com,Engineering,North,Contract,3,129500
E1696,Andrew Wilson,andrew.wilson696@example.com,Operations,North,Full-time,1,54000
E1697,Susan Martinez,susan.martinez697@example.com,Engineering,North,Full-time,5,94500
E1698,Elizabeth Davies,elizabeth.davies698@example.com,Sales,North,Full-time,4,61500
E1699,Melissa King,melissa.king699@example.com,Engineering,West,Part-time,5,52500
E1700,Kevin Martinez,kevin.martinez700@example.com,Sales,South,Part-time,3,43000
E1701,Charles Taylor,charles.taylor701@example.com,Sales,West,Full-time,4,54500
E1702,Robert Young,robert.young702@example.com,Engineering,South,Contract,4,72000
E1703,James Lopez,james.lopez703@example.com,Engineering,North,Full-time,3,146500
E1704,Kenneth Brown,kenneth.brown704@example.com,Engineering,South,Full-time,4,101000
E1705,Emily Gonzalez,emily.gonzalez705@example.com,Engineering,South,Part-time,5,103500
E1706,Kimberly Singh,kimberly.singh706@example.com,Finance,North,Part-time,4,64000
E1707,Daniel Perez,daniel.perez707@example.com,Engineering,South,Full-time,4,86500
E1708,Patricia Moore,patricia.moore708@example.com,HR,North,Full-time,3,107000
E1709,Michael Jackson,michael.jackson709@example.com,Engineering,South,Full-time,3,62500
E1710,Mary Lopez,mary.lopez710@example.com,Operations,South,Full-time,5,73000
E1711,Charles Martinez,charles.martinez711@example.com,Operations,North,Part-time,1,97000
E1712,Kimberly Garcia,kimberly.garcia712@example.com,Sales,North,Full-time,4,89000
E1713,Linda Hernandez,linda.hernandez713@example.com,Sales,East,Full-time,4,110000
E1714,Elizabeth Rodriguez,elizabeth.rodriguez714@example.com,Sales,South,Full-time,4,74000
E1715,Mary Davis,mary.davis715@example.com,Engineering,North,Full-time,5,99000
E1716,Richard Morales,richard.morales716@example.com,Finance,West,Full-time,3,77000
E1717,Barbara Lee,barbara.lee717@example.com,HR,North,Full-time,3,68500
E1718,Karen Davis,karen.davis718@example.com,Finance,South,Contract,2,59500
E1719,Donna Lewis,donna.lewis719@example.com,Engineering,West,Part-time,3,103500
E1720,Emily Lopez,emily.lopez720@example.com,Operations,North,Full-time,3,70000
E1721,Susan Lee,susan.lee721@example.com,Finance,North,Part-time,3,76000
E1722,Lisa Lee,lisa.lee722@example.com,Engineering,North,Part-time,4,131500
E1723,Melissa Robinson,melissa.robinson723@example.com,Engineering,North,Part-time,5,79500
E1724,Kenneth Martin,kenneth.martin724@example.com,Operations,North,Full-time,2,88000
E1725,Nancy Thompson,nancy.thompson725@example.com,Sales,South,Full-time,3,97000
E1726,William Rodriguez,william.rodriguez726@example.com,HR,North,Full-time,5,74500
E1727,James Sanchez,james.sanchez727@example.com,Engineering,South,Full-time,2,67000
E1728,Carol Davies,carol.davies728@example.com,Operations,West,Full-time,2,71000
E1729,Melissa Perez,melissa.perez729@example.com,Engineering,East,Full-time,2,138500
E1730,Melissa Martinez,melissa.martinez730@example.com,Engineering,South,Full-time,3,54000
E1731,Jennifer Taylor,jennifer.taylor731@example.com,Engineering,North,Part-time,2,81000
E1732,Carol White,carol.white732@example.com,HR,South,Full-time,5,80000
E1733,Barbara Davis,barbara.davis733@example.com,Operations,South,Full-time,3,63000
E1734,Daniel Garcia,daniel.garcia734@example.com,Sales,South,Contract,3,85500
E1735,Daniel Chen,daniel.chen735@example.com,Sales,North,Contract,3,99500
E1736,Nancy Allen,nancy.allen736@example.com,HR,East,Part-time,3,63500
E1737,Sarah Ramirez,sarah.ramirez737@example.com,Sales,South,Contract,4,79500
E1738,Ashley Lopez,ashley.lopez738@example.com,HR,North,Full-time,4,61500
E1739,Emily Clark,emily.clark739@example.com,Sales,North,Contract,4,75500
E1740,Barbara Singh,barbara.singh740@example.com,Sales,South,Full-time,3,118500
E1741,Ashley Singh,ashley.singh741@example.com,Sales,East,Full-time,5,69000
E1742,Betty Harris,betty.harris742@example.com,Engineering,East,Full-time,4,78000
E1743,Richard Thompson,richard.thompson743@example.com,Operations,East,Full-time,4,84500
E1744,Kimberly Patel,kimberly.patel744@example.com,Sales,North,Full-time,2,56500
E1745,Matthew Lewis,matthew.lewis745@example.com,Engineering,South,Full-time,1,73000
E1746,Steven Miller,steven.miller746@example.com,HR,South,Part-time,3,51500
E1747,Michelle Allen,michelle.allen747@example.com,Sales,North,Full-time,4,65500
E1748,Daniel Johnson,daniel.johnson748@example.com,Sales,North,Full-time,3,66500
E1749,Sarah Allen,sarah.allen749@example.com,Finance,East,Part-time,3,89500
E1750,Joshua King,joshua.king750@example.com,Operations,North,Full-time,4,59500
E1751,Karen Wright,karen.wright751@example.com,Engineering,South,Full-time,4,102500
E1752,Sarah White,sarah.white752@example.com,Finance,North,Full-time,5,93000
E1753,Linda Robinson,linda.robinson753@example.com,Operations,North,Full-time,3,55000
E1754,Melissa Martinez,melissa.martinez754@example.com,Engineering,North,Full-time,4,105000
E1755,Matthew Hernandez,matthew.hernandez755@example.com,Engineering,West,Contract,3,107500
E1756,Mary Sanchez,mary.sanchez756@example.com,Operations,East,Full-time,2,42000
E1757,Donna Allen,donna.allen757@example.com,Operations,West,Full-time,2,70000
E1758,Joseph Patel,joseph.patel758@example.com,Sales,South,Part-time,3,61500
E1759,Anthony Brown,anthony.brown759@example.com,HR,North,Part-time,3,83000
E1760,Emily Jackson,emily.jackson760@example.com,Operations,South,Full-time,4,57000
E1761,Sarah Gibbons,sarah.gibbons761@example.com,Engineering,South,Full-time,2,61000
E1762,Sandra Jackson,sandra.jackson762@example.com,Engineering,East,Full-time,4,84500
E1763,Matthew Thomas,matthew.thomas763@example.com,Engineering,North,Full-time,3,68000
E1764,James Lopez,james.lopez764@example.com,Operations,South,Full-time,3,80500
E1765,Nancy King,nancy.king765@example.com,Engineering,North,Full-time,3,69500
E1766,Linda Moore,linda.moore766@example.com,Sales,North,Contract,3,69500
E1767,Michael Sanchez,michael.sanchez767@example.com,Operations,East,Full-time,3,95500
E1768,Sandra Gonzalez,sandra.gonzalez768@example.com,HR,South,Full-time,3,79000
E1769,Christopher Lewis,christopher.lewis769@example.com,Engineering,North,Full-time,2,96000
E1770,Robert Sanchez,robert.sanchez770@example.com,HR,North,Full-time,2,58000
E1771,Michelle Lopez,michelle.lopez771@example.com,Engineering,South,Full-time,3,93500
E1772,Mary Hernandez,mary.hernandez772@example.com,HR,East,Full-time,5,71500
E1773,Melissa Ramirez,melissa.ramirez773@example.com,Engineering,East,Part-time,3,66500
E1774,Sarah Gonzalez,sarah.gonzalez774@example.com,Sales,West,Full-time,4,86500
E1775,Joshua Perez,joshua.perez775@example.com,Operations,East,Full-time,4,49500
E1776,Elizabeth Johnson,elizabeth.johnson776@example.com,Engineering,North,Full-time,5,98000
E1777,Joshua Miller,joshua.miller777@example.com,Engineering,South,Full-time,4,64500
E1778,Betty Sanchez,betty.sanchez778@example.com,Operations,South,Full-time,3,106000
E1779,Nancy Lopez,nancy.lopez779@example.com,Operations,North,Full-time,4,78500
E1780,Jessica Thompson,jessica.thompson780@example.com,Operations,East,Full-time,4,44000
E1781,Michelle Rodriguez,michelle.rodriguez781@example.com,Operations,North,Full-time,3,65000
E1782,Ashley Anderson,ashley.anderson782@example.com,Sales,West,Part-time,3,61500
E1783,Joshua Gonzalez,joshua.gonzalez783@example.com,Engineering,South,Contract,1,72500
E1784,Michael Hernandez,michael.hernandez784@example.com,Engineering,South,Part-time,4,88000
E1785,Barbara Gonzalez,barbara.gonzalez785@example.com,Engineering,South,Part-time,4,67500
E1786,Kevin Anderson,kevin.anderson786@example.com,Finance,East,Full-time,2,90500
E1787,Emily Miller,emily.miller787@example.com,Sales,South,Contract,3,83500
E1788,Michelle Ramirez,michelle.ramirez788@example.com,Sales,South,Full-time,3,76500
E1789,Ashley Wright,ashley.wright789@example.com,Sales,North,Contract,2,69500
E1790,Thomas Morales,thomas.morales790@example.com,Finance,South,Contract,5,88500
E1791,Daniel Garcia,daniel.garcia791@example.com,Engineering,North,Part-time,3,103500
E1792,James Brown,james.brown792@example.com,Sales,East,Contract,2,78500
E1793,Richard Sanchez,richard.sanchez793@example.com,Sales,South,Full-time,3,50500
E1794,Joshua Thompson,joshua.thompson794@example.com,Operations,South,Full-time,4,53500
E1795,Donald Lee,donald.lee795@example.com,Engineering,North,Full-time,1,79500
E1796,Mark Chen,mark.chen796@example.com,HR,North,Full-time,4,41500
E1797,Michelle Gonzalez,michelle.gonzalez797@example.com,Finance,East,Full-time,3,79500
E1798,Matthew Thomas,matthew.thomas798@example.com,Sales,North,Full-time,2,99500
E1799,Sandra Brown,sandra.brown799@example.com,Operations,North,Contract,2,89000
E1800,Michelle Thomas,michelle.thomas800@example.com,Finance,North,Full-time,3,90000
E1801,Steven Singh,steven.singh801@example.com,Operations,West,Part-time,3,78000
E1802,Anthony Lopez,anthony.lopez802@example.com,Engineering,East,Contract,5,148000
E1803,Betty Gibbons,betty.gibbons803@example.com,Sales,North,Contract,4,86500
E1804,Paul Ramirez,paul.ramirez804@example.com,Operations,North,Contract,5,82000
E1805,David Lopez,david.lopez805@example.com,Sales,North,Full-time,3,49000
E1806,Michael Ramirez,michael.ramirez806@example.com,Operations,East,Contract,5,90500
E1807,Andrew Jones,andrew.jones807@example.com,Finance,South,Part-time,3,83000
E1808,Kimberly King,kimberly.king808@example.com,Finance,North,Full-time,3,73500
E1809,Joseph Chen,joseph.chen809@example.com,Sales,North,Full-time,2,64500
E1810,Emily Wilson,emily.wilson810@example.com,Engineering,North,Part-time,2,74000
E1811,Richard Singh,richard.singh811@example.com,Finance,South,Full-time,4,102500
E1812,Carol Brown,carol.brown812@example.com,HR,East,Full-time,3,59500
E1813,Paul Miller,paul.miller813@example.com,Engineering,North,Full-time,3,75000
E1814,Kevin Davis,kevin.davis814@example.com,Finance,North,Full-time,4,62000
E1815,Joshua Martinez,joshua.martinez815@example.com,HR,North,Full-time,3,62500
E1816,Brian Anderson,brian.anderson816@example.com,Sales,West,Part-time,3,64000
E1817,Carol Anderson,carol.anderson817@example.com,Sales,North,Full-time,3,60500
E1818,Michael Lewis,michael.lewis818@example.com,Sales,East,Full-time,4,49500
E1819,Christopher Martinez,christopher.martinez819@example.com,Engineering,South,Full-time,4,108000
E1820,Elizabeth Brown,elizabeth.brown820@example.com,Engineering,North,Full-time,3,82000
E1821,Steven Moore,steven.moore821@example.com,HR,North,Contract,3,45500
E1822,Jessica Patel,jessica.patel822@example.com,Engineering,North,Full-time,3,79500
E1823,Donna Harris,donna.harris823@example.com,Engineering,South,Full-time,4,97500
E1824,Matthew Lopez,matthew.lopez824@example.com,Sales,East,Full-time,3,70500
E1825,Kimberly Morales,kimberly.morales825@example.com,Sales,South,Full-time,3,73500
E1826,Joshua Williams,joshua.williams826@example.com,Finance,South,Part-time,2,76000
E1827,David Moore,david.moore827@example.com,Engineering,North,Part-time,3,62000
E1828,Brian Wright,brian.wright828@example.com,Engineering,West,Full-time,3,107500
E1829,Kimberly Kumar,kimberly.kumar829@example.com,Operations,East,Full-time,4,42500
E1830,Susan Brown,susan.brown830@example.com,Sales,North,Full-time,3,78500
E1831,Donald Kumar,donald.kumar831@example.com,Engineering,West,Full-time,3,99000
E1832,Thomas Ramirez,thomas.ramirez832@example.com,Sales,South,Full-time,4,66500
E1833,Emily Thomas,emily.thomas833@example.com,Engineering,South,Full-time,4,93000
E1834,Elizabeth Jones,elizabeth.jones834@example.com,Engineering,East,Full-time,3,79500
E1835,Kimberly Singh,kimberly.singh835@example.com,Sales,East,Full-time,3,76500
E1836,James Chen,james.chen836@example.com,Sales,South,Contract,3,89500
E1837,Ashley Sanchez,ashley.sanchez837@example.com,Finance,North,Contract,5,61500
E1838,Charles Clark,charles.clark838@example.com,Sales,North,Full-time,2,83000
E1839,Nancy Wright,nancy.wright839@example.com,Sales,West,Part-time,5,107000
E1840,Emily Chen,emily.chen840@example.com,Operations,North,Full-time,4,69500
E1841,Betty Davies,betty.davies841@example.com,Engineering,North,Full-time,3,75000
E1842,Matthew Perez,matthew.perez842@example.com,Operations,South,Part-time,1,114500
E1843,Patricia Rodriguez,patricia.rodriguez843@example.com,Engineering,South,Contract,3,87000
E1844,Patricia Miller,patricia.miller844@example.com,Finance,South,Contract,3,79500
E1845,Matthew Johnson,matthew.johnson845@example.com,Engineering,West,Full-time,2,90500
E1846,Nancy Patel,nancy.patel846@example.com,Sales,North,Full-time,4,78500
E1847,Steven Young,steven.young847@example.com,Engineering,North,Part-time,5,78000
E1848,Michelle Islam,michelle.islam848@example.com,Finance,North,Full-time,3,78500
E1849,Kimberly White,kimberly.white849@example.com,Sales,East,Full-time,4,89000
E1850,Betty Thomas,betty.thomas850@example.com,Sales,South,Full-time,2,64000
E1851,Joseph Anderson,joseph.anderson851@example.com,Engineering,North,Full-time,3,76500
E1852,Mark Brown,mark.brown852@example.com,Operations,East,Full-time,2,60500
E1853,Jessica Robinson,jessica.robinson853@example.com,Engineering,East,Full-time,4,64500
E1854,Melissa Robinson,melissa.robinson854@example.com,HR,East,Contract,5,50500
E1855,Donna Williams,donna.williams855@example.com,Engineering,West,Full-time,4,71000
E1856,Lisa Perez,lisa.perez856@example.com,Engineering,North,Full-time,2,85000
E1857,Elizabeth Lee,elizabeth.lee857@example.com,Engineering,East,Full-time,3,105000
E1858,Patricia Young,patricia.young858@example.com,Sales,South,Full-time,3,100500
E1859,Melissa Young,melissa.young859@example.com,Sales,East,Full-time,3,71000
E1860,Matthew Martin,matthew.martin860@example.com,Engineering,East,Full-time,4,95500
E1861,Thomas Thompson,thomas.thompson861@example.com,Operations,East,Part-time,4,69000
E1862,Margaret Thomas,margaret.thomas862@example.com,Sales,South,Full-time,4,41500
E1863,Joshua Lee,joshua.lee863@example.com,Sales,North,Contract,3,52500
E1864,Thomas Taylor,thomas.taylor864@example.com,Sales,South,Full-time,3,84500
E1865,Joshua Gonzalez,joshua.gonzalez865@example.com,Sales,West,Full-time,2,87000
E1866,Christopher Robinson,christopher.robinson866@example.com,Sales,West,Full-time,3,86500
E1867,Sarah Wilson,sarah.wilson867@example.com,Engineering,North,Full-time,3,81500
E1868,Donna Morales,donna.morales868@example.com,Engineering,North,Part-time,4,51500
E1869,Karen Jackson,karen.jackson869@example.com,HR,North,Full-time,4,46500
E1870,Melissa Miller,melissa.miller870@example.com,Finance,East,Full-time,2,60500
E1871,Melissa Brown,melissa.brown871@example.com,Sales,East,Part-time,3,82000
E1872,Kimberly Johnson,kimberly.johnson872@example.com,Engineering,North,Contract,2,77500
E1873,Michael Martinez,michael.martinez873@example.com,Operations,South,Part-time,2,99000
E1874,Ashley Singh,ashley.singh874@example.com,Sales,East,Full-time,4,101000
E1875,Kevin Gonzalez,kevin.gonzalez875@example.com,Engineering,East,Part-time,1,129000
E1876,Kenneth Jones,kenneth.jones876@example.com,Engineering,South,Full-time,3,67500
E1877,Barbara Martinez,barbara.martinez877@example.com,Operations,South,Full-time,2,73500
E1878,Carol Clark,carol.clark878@example.com,Operations,South,Full-time,4,57500
E1879,Daniel Davis,daniel.davis879@example.com,Engineering,North,Full-time,3,92500
E1880,James Ramirez,james.ramirez880@example.com,Engineering,South,Full-time,3,69500
E1881,Kenneth Wilson,kenneth.wilson881@example.com,Engineering,South,Full-time,3,115500
E1882,Daniel Robinson,daniel.robinson882@example.com,Operations,East,Part-time,4,53500
E1883,Daniel Rodriguez,daniel.rodriguez883@example.com,Engineering,South,Full-time,5,52000
E1884,Charles Jones,charles.jones884@example.com,Engineering,East,Full-time,3,141500
E1885,Steven Patel,steven.patel885@example.com,Operations,North,Full-time,4,72500
E1886,Carol Islam,carol.islam886@example.com,Engineering,South,Contract,5,65000
E1887,Christopher Morales,christopher.morales887@example.com,Operations,North,Full-time,5,62500
E1888,Paul Gonzalez,paul.gonzalez888@example.com,Engineering,North,Full-time,4,73500
E1889,Susan Allen,susan.allen889@example.com,Engineering,East,Part-time,4,85000
E1890,Donald Islam,donald.islam890@example.com,Engineering,West,Part-time,3,104000
E1891,Donna Martinez,donna.martinez891@example.com,Operations,North,Full-time,4,76500
E1892,Steven Garcia,steven.garcia892@example.com,HR,South,Full-time,3,64000
E1893,James Miller,james.miller893@example.com,HR,East,Part-time,4,60000
E1894,Mark Lee,mark.lee894@example.com,Sales,North,Full-time,3,91500
E1895,Margaret Thomas,margaret.thomas895@example.com,Operations,South,Full-time,4,40000
E1896,Matthew Martin,matthew.martin896@example.com,Engineering,East,Part-time,4,70500
E1897,Carol Harris,carol.harris897@example.com,Engineering,South,Full-time,2,66500
E1898,Margaret Jones,margaret.jones898@example.com,HR,North,Full-time,4,77000
E1899,Daniel Moore,daniel.moore899@example.com,Engineering,North,Full-time,3,70500
E1900,Jennifer Lewis,jennifer.lewis900@example.com,Engineering,East,Full-time,4,61500
E1901,Christopher Allen,christopher.allen901@example.com,Engineering,South,Full-time,3,97500
E1902,James Williams,james.williams902@example.com,Engineering,North,Part-time,3,67500
E1903,Emily Lee,emily.lee903@example.com,Engineering,East,Full-time,5,78000
E1904,Andrew Kumar,andrew.kumar904@example.com,Sales,North,Full-time,3,127000
E1905,Michelle Williams,michelle.williams905@example.com,Sales,East,Full-time,4,85000
E1906,Anthony Davies,anthony.davies906@example.com,HR,North,Full-time,3,57000
E1907,Karen King,karen.king907@example.com,HR,West,Contract,3,58000
E1908,Daniel Thompson,daniel.thompson908@example.com,Engineering,North,Full-time,3,106500
E1909,Jennifer Gonzalez,jennifer.gonzalez909@example.com,Engineering,North,Full-time,3,100500
E1910,Matthew Rodriguez,matthew.rodriguez910@example.com,Sales,North,Full-time,3,71500
E1911,Charles Johnson,charles.johnson911@example.com,Sales,North,Full-time,1,72000
E1912,Christopher Jackson,christopher.jackson912@example.com,Engineering,East,Full-time,3,58500
E1913,William Singh,william.singh913@example.com,Operations,West,Part-time,1,42500
E1914,Emily Martin,emily.martin914@example.com,Sales,North,Contract,5,67000
E1915,David Taylor,david.taylor915@example.com,Sales,South,Full-time,5,60000
E1916,Mark Johnson,mark.johnson916@example.com,Sales,East,Full-time,3,81000
E1917,Donna Jackson,donna.jackson917@example.com,Engineering,East,Part-time,4,89500
E1918,Charles Jones,charles.jones918@example.com,Finance,South,Part-time,3,62000
E1919,Kenneth Moore,kenneth.moore919@example.com,Operations,North,Full-time,4,67500
E1920,William Taylor,william.taylor920@example.com,Engineering,South,Full-time,4,76500
E1921,Kenneth Morales,kenneth.morales921@example.com,HR,South,Full-time,5,100500
E1922,Michelle Brown,michelle.brown922@example.com,Sales,North,Part-time,3,77000
E1923,Carol Harris,carol.harris923@example.com,HR,South,Part-time,4,40500
E1924,Michael Robinson,michael.robinson924@example.com,Operations,North,Full-time,3,102500
E1925,Elizabeth Brown,elizabeth.brown925@example.com,Sales,East,Full-time,5,60000
E1926,Nancy Lewis,nancy.lewis926@example.com,Engineering,North,Contract,1,66500
E1927,David Brown,david.brown927@example.com,Engineering,South,Part-time,4,145500
E1928,Nancy Wilson,nancy.wilson928@example.com,Sales,South,Contract,4,76500
E1929,Michael Moore,michael.moore929@example.com,Operations,South,Part-time,4,77500
E1930,Emily Jackson,emily.jackson930@example.com,Engineering,North,Full-time,2,102000
E1931,Elizabeth Moore,elizabeth.moore931@example.com,Engineering,South,Full-time,5,80500
E1932,Charles Robinson,charles.robinson932@example.com,HR,South,Full-time,2,52000
E1933,Nancy Hernandez,nancy.hernandez933@example.com,Finance,South,Full-time,4,67500
E1934,Andrew Thompson,andrew.thompson934@example.com,Sales,South,Full-time,3,104500
E1935,Charles Smith,charles.smith935@example.com,Engineering,South,Part-time,3,89500
E1936,Thomas Diaz,thomas.diaz936@example.com,Engineering,East,Full-time,3,118000
E1937,David Anderson,david.anderson937@example.com,Engineering,North,Part-time,3,83500
E1938,Margaret White,margaret.white938@example.com,Finance,East,Full-time,2,62000
E1939,Andrew Perez,andrew.perez939@example.com,Engineering,South,Contract,2,59500
E1940,Mark Jackson,mark.jackson940@example.com,Sales,North,Full-time,3,82500
E1941,Elizabeth Martin,elizabeth.martin941@example.com,Engineering,North,Full-time,4,130000
E1942,James Lee,james.lee942@example.com,Sales,North,Full-time,4,56000
E1943,James Martinez,james.martinez943@example.com,Operations,East,Full-time,2,74000
E1944,Ashley Chen,ashley.chen944@example.com,HR,East,Part-time,3,42500
E1945,Lisa Moore,lisa.moore945@example.com,Engineering,East,Part-time,2,74000
E1946,Ashley Clark,ashley.clark946@example.com,Engineering,South,Full-time,1,91000
E1947,Margaret Moore,margaret.moore947@example.com,Engineering,South,Full-time,4,55000
E1948,Kenneth Lewis,kenneth.lewis948@example.com,Finance,North,Full-time,4,74500
E1949,Sarah Davis,sarah.davis949@example.com,HR,North,Full-time,2,48500
E1950,Steven King,steven.king950@example.com,Sales,South,Contract,3,81500
E1951,William Morales,william.morales951@example.com,Operations,North,Part-time,1,62500
E1952,Sarah Davies,sarah.davies952@example.com,Operations,North,Full-time,4,82000
E1953,David Rodriguez,david.rodriguez953@example.com,Engineering,South,Part-time,5,79500
E1954,Linda Wright,linda.wright954@example.com,Finance,East,Full-time,2,53500
E1955,Sarah Jones,sarah.jones955@example.com,Sales,West,Contract,3,48500
E1956,Susan Ramirez,susan.ramirez956@example.com,Sales,West,Full-time,4,43500
E1957,Sandra Brown,sandra.brown957@example.com,Sales,South,Part-time,5,82000
E1958,Kenneth Martin,kenneth.martin958@example.com,Engineering,South,Part-time,3,161000
E1959,Anthony Ramirez,anthony.ramirez959@example.com,Engineering,South,Full-time,2,95000
E1960,Elizabeth Johnson,elizabeth.johnson960@example.com,Operations,East,Part-time,1,98500
E1961,Brian Wilson,brian.wilson961@example.com,Engineering,North,Full-time,3,113000
E1962,Lisa Young,lisa.young962@example.com,Operations,South,Full-time,3,57000
E1963,Matthew Martin,matthew.martin963@example.com,Engineering,East,Full-time,1,116500
E1964,Carol Brown,carol.brown964@example.com,Sales,North,Contract,3,62000
E1965,Thomas White,thomas.white965@example.com,Engineering,South,Part-time,1,76000
E1966,Anthony Smith,anthony.smith966@example.com,Sales,South,Part-time,4,66500
E1967,William Young,william.young967@example.com,Operations,North,Part-time,3,62500
E1968,Elizabeth Singh,elizabeth.singh968@example.com,Engineering,North,Full-time,1,100500
E1969,Michael Singh,michael.singh969@example.com,Sales,North,Contract,3,59000
E1970,Carol Lopez,carol.lopez970@example.com,Sales,North,Full-time,3,87500
E1971,Kenneth Moore,kenneth.moore971@example.com,Operations,North,Full-time,5,81000
E1972,Mary Martinez,mary.martinez972@example.com,Finance,East,Full-time,3,81500
E1973,Thomas Robinson,thomas.robinson973@example.com,Operations,North,Part-time,3,105500
E1974,Melissa Taylor,melissa.taylor974@example.com,Engineering,South,Part-time,4,117500
E1975,Patricia Miller,patricia.miller975@example.com,Engineering,North,Full-time,3,111000
E1976,Kevin Young,kevin.young976@example.com,Engineering,West,Full-time,5,86500
E1977,Kenneth King,kenneth.king977@example.com,Sales,North,Part-time,3,76500
E1978,Jennifer Davies,jennifer.davies978@example.com,Engineering,South,Full-time,3,97000
E1979,Kimberly Anderson,kimberly.anderson979@example.com,Sales,East,Part-time,2,70000
E1980,Susan Garcia,susan.garcia980@example.com,Sales,East,Contract,3,63500
E1981,Joshua Diaz,joshua.diaz981@example.com,Engineering,North,Full-time,4,46500
E1982,Robert Williams,robert.williams982@example.com,Operations,East,Full-time,4,78000
E1983,Lisa Perez,lisa.perez983@example.com,Engineering,South,Part-time,3,110500
E1984,Barbara Williams,barbara.williams984@example.com,Engineering,South,Part-time,3,63500
E1985,Elizabeth Lewis,elizabeth.lewis985@example.com,Operations,North,Full-time,4,75500
E1986,Charles Miller,charles.miller986@example.com,Sales,North,Contract,5,60500
E1987,Joseph Johnson,joseph.johnson987@example.com,Operations,East,Full-time,2,59500
E1988,Patricia Martinez,patricia.martinez988@example.com,Sales,South,Full-time,3,97000
E1989,Kenneth White,kenneth.white989@example.com,Engineering,South,Part-time,3,66500
E1990,Charles Garcia,charles.garcia990@example.com,HR,East,Part-time,4,47000
E1991,Christopher Jones,christopher.jones991@example.com,Operations,East,Full-time,2,102000
E1992,Ashley Martinez,ashley.martinez992@example.com,Operations,North,Part-time,3,62500
E1993,David Clark,david.clark993@example.com,Engineering,South,Full-time,4,116000
E1994,Joseph Jackson,joseph.jackson994@example.com,Sales,North,Full-time,2,47000
E1995,Daniel White,daniel.white995@example.com,Sales,East,Full-time,3,48000
E1996,Carol Brown,carol.brown996@example.com,Engineering,South,Part-time,3,67500
E1997,Nancy Wright,nancy.wright997@example.com,Finance,West,Full-time,3,66500
E1998,Robert Brown,robert.brown998@example.com,Engineering,North,Full-time,3,60000
E1999,Joshua Patel,joshua.patel999@example.com,Finance,North,Full-time,3,82500
E2000,Andrew Young,andrew.young1000@example.com,Sales,North,Part-time,2,78000
